{"mean": [77.1551, 16.41385, 36.846990000000005, 96.20116000000002, 124.7364, 79.892], "std": [14.176986421309714, 3.5595053276403448, 0.7187773924519327, 2.5848105645095156, 12.010133847713771, 9.193978246656885]}